borough,medicaid,self_pay,other_insurance,not_stated,total
New York State,325.66302652106083,3755.020080321285,10322.628458498024,3252.3874488403817,336.50288388290346
New York City,401.74073144196166,8801.213960546283,19924.43324937028,1477.8761061946902,450.4669492012963
Bronx,488.45409292035396,6150.943396226415,31915.09433962264,1498.069498069498,623.3190950798925
Brooklyn,286.9984652488489,8644.444444444443,19678.414096916298,2058.8235294117644,351.7053279684589
Manhattan,708.3601977218998,31285.714285714286,62864.40677966102,576.5765765765766,537.4915421049394
Queens,408.6483023702754,6299.180327868853,33990.99099099099,3519.4805194805194,445.73556797020484
Staten_Island,323.99457749661093,7259.259259259259,1676.975945017182,2142.8571428571427,275.5632582322357
